model,index,true_label,pred_label,confidence,rms_energy,spectral_flatness
Shallow_DLR,3,0,1,0.9494307041168213,0.2565191388130188,0.28744420409202576
Shallow_DLR,7,0,1,0.8856639862060547,0.27770593762397766,0.23352636396884918
Shallow_DLR,8,0,1,0.9756170511245728,0.2517833113670349,0.23782731592655182
Shallow_DLR,17,1,0,0.6988286674022675,0.2883498966693878,0.2605742812156677
Shallow_DLR,18,0,1,0.6631921529769897,0.27630195021629333,0.24131621420383453
Shallow_DLR,22,1,0,0.9953597080893815,0.27931323647499084,0.28299689292907715
Shallow_DLR,28,0,1,0.5285617709159851,0.3058519959449768,0.2946350872516632
Shallow_DLR,31,1,0,0.7932263612747192,0.23532836139202118,0.26536568999290466
Shallow_DLR,38,1,0,0.7574791014194489,0.29842284321784973,0.26014283299446106
Shallow_DLR,44,0,1,0.9444242119789124,0.22317533195018768,0.26018428802490234
Shallow_DLR,55,1,0,0.740313321352005,0.2944639027118683,0.2167872041463852
Shallow_DLR,70,0,1,0.8755268454551697,0.28608378767967224,0.2513751685619354
Shallow_DLR,75,0,1,0.9849532842636108,0.23135696351528168,0.2388651967048645
Shallow_DLR,79,0,1,0.8294211626052856,0.2498425394296646,0.26507076621055603
Shallow_DLR,81,1,0,0.9865201124921441,0.2049885392189026,0.28332051634788513
Shallow_DLR,102,1,0,0.8460070341825485,0.2709561288356781,0.29930514097213745
Shallow_DLR,107,1,0,0.6774423122406006,0.29033923149108887,0.29101553559303284
Shallow_DLR,111,1,0,0.9958951706066728,0.2376633733510971,0.28053489327430725
Shallow_DLR,119,0,1,0.9869261384010315,0.2753148078918457,0.23559193313121796
Shallow_DLR,136,0,1,0.7421076893806458,0.2501418888568878,0.2538031339645386
Shallow_DLR,138,0,1,0.7499030828475952,0.2658320963382721,0.27116069197654724
Shallow_DLR,144,1,0,0.7944439053535461,0.2838907837867737,0.26800641417503357
Shallow_DLR,146,1,0,0.9619564414024353,0.23472844064235687,0.28221121430397034
Shallow_DLR,152,1,0,0.7120964527130127,0.24482356011867523,0.3019086420536041
Shallow_DLR,153,1,0,0.9820094015449286,0.25844597816467285,0.2898465692996979
Shallow_DLR,154,0,1,0.5131075978279114,0.2681184709072113,0.250935435295105
Shallow_DLR,158,1,0,0.7580987960100174,0.2706856429576874,0.28150174021720886
Shallow_DLR,174,1,0,0.9292128682136536,0.29155561327934265,0.2690620720386505
Shallow_DLR,176,1,0,0.8858536556363106,0.266707181930542,0.28930553793907166
Shallow_DLR,179,0,1,0.9713866710662842,0.25741490721702576,0.23253114521503448
Shallow_DLR,181,0,1,0.999544620513916,0.2569913864135742,0.22820937633514404
Shallow_DLR,202,0,1,0.5510891675949097,0.216500386595726,0.2627784013748169
Shallow_DLR,208,0,1,0.8426092863082886,0.2530527710914612,0.24405430257320404
Shallow_DLR,210,0,1,0.9918826818466187,0.259919673204422,0.24144606292247772
Shallow_DLR,213,0,1,0.7025290727615356,0.27083849906921387,0.24485035240650177
Shallow_DLR,218,0,1,0.8774559497833252,0.2914893925189972,0.24593840539455414
Shallow_DLR,224,0,1,0.9288256764411926,0.29171034693717957,0.24070847034454346
Shallow_DLR,226,0,1,0.8371610641479492,0.2764655649662018,0.26216110587120056
Shallow_DLR,230,1,0,0.9927467731758952,0.24811451137065887,0.28867051005363464
Shallow_DLR,246,1,0,0.8692182302474976,0.2784958779811859,0.28252285718917847
Shallow_DLR,247,1,0,0.7811854779720306,0.25536611676216125,0.2821258306503296
Shallow_DLR,249,0,1,0.9999630451202393,0.27996826171875,0.22920195758342743
Shallow_DLR,250,1,0,0.8150799572467804,0.27831023931503296,0.2821042835712433
Shallow_DLR,251,0,1,0.8035008907318115,0.31262481212615967,0.26415711641311646
Shallow_DLR,258,1,0,0.5835312604904175,0.22761714458465576,0.23105475306510925
Shallow_DLR,259,1,0,0.9984631121624261,0.24204598367214203,0.28354960680007935
Shallow_DLR,273,1,0,0.9961772207170725,0.2392573058605194,0.2846742272377014
Shallow_DLR,278,1,0,0.6648958623409271,0.24424362182617188,0.2800118923187256
Shallow_DLR,310,0,1,0.8902093172073364,0.3034990429878235,0.2921798527240753
Shallow_DLR,312,0,1,0.9756283760070801,0.2777211368083954,0.23908424377441406
Shallow_DLR,316,0,1,0.6830859184265137,0.2578171193599701,0.2501315772533417
Shallow_DLR,320,1,0,0.6082281470298767,0.2877920866012573,0.27274370193481445
Shallow_DLR,327,0,1,0.9843975305557251,0.2682682275772095,0.2313469797372818
Shallow_DLR,347,1,0,0.9927902463823557,0.2861233055591583,0.28691723942756653
Shallow_DLR,355,0,1,0.5725744366645813,0.2804221510887146,0.2584493160247803
Shallow_DLR,364,0,1,0.9441287517547607,0.2698439955711365,0.26013365387916565
Shallow_DLR,370,0,1,0.9957275390625,0.2851630747318268,0.26021915674209595
Shallow_DLR,378,1,0,0.9817635025829077,0.2701607048511505,0.27273210883140564
Shallow_DLR,384,1,0,0.9979557604528964,0.25072944164276123,0.3019060790538788
Shallow_DLR,393,1,0,0.6834273934364319,0.2993611991405487,0.24935972690582275
Shallow_DLR,394,1,0,0.9732041954994202,0.24919432401657104,0.28433048725128174
Shallow_DLR,400,1,0,0.6750110983848572,0.21442854404449463,0.2601851522922516
Shallow_DLR,405,1,0,0.9526562802493572,0.25648579001426697,0.23885108530521393
Shallow_DLR,412,1,0,0.984310220927,0.21774236857891083,0.2813720405101776
Shallow_DLR,415,1,0,0.8010906875133514,0.24988070130348206,0.2903519570827484
Shallow_DLR,416,1,0,0.9928771341219544,0.23600074648857117,0.2644970118999481
Shallow_DLR,417,0,1,0.9400299787521362,0.2625932991504669,0.24569903314113617
Shallow_DLR,423,0,1,0.9418207406997681,0.24906279146671295,0.2603129744529724
Shallow_DLR,429,1,0,0.6679265797138214,0.2628173828125,0.26426762342453003
Shallow_DLR,431,0,1,0.9981402158737183,0.26494935154914856,0.22233183681964874
Shallow_DLR,435,0,1,0.8871960639953613,0.28405752778053284,0.24534517526626587
Shallow_DLR,446,0,1,0.5419120192527771,0.26283562183380127,0.27876800298690796
Shallow_DLR,451,1,0,0.5256148278713226,0.2835913598537445,0.28841322660446167
Shallow_DLR,462,1,0,0.6258629560470581,0.2485969066619873,0.2781060039997101
Shallow_DLR,467,0,1,0.5476139187812805,0.23356680572032928,0.28544318675994873
Shallow_DLR,472,0,1,0.8777275085449219,0.3083362579345703,0.2837715744972229
Shallow_DLR,480,0,1,0.902999997138977,0.24100221693515778,0.27208268642425537
Shallow_DLR,486,1,0,0.956564225256443,0.2553391754627228,0.27223750948905945
Shallow_DLR,488,1,0,0.5927661061286926,0.24152489006519318,0.27683037519454956
Shallow_DLR,490,0,1,0.7093474268913269,0.2624751031398773,0.28504014015197754
Shallow_DLR,497,0,1,0.9775841236114502,0.2732497453689575,0.22947631776332855
Deep_DLR,13,1,0,1.0,0.2679339647293091,0.2665320336818695
Deep_DLR,31,1,0,0.509075403213501,0.23532836139202118,0.26536568999290466
Deep_DLR,46,1,0,0.9999490976333618,0.3056514859199524,0.2806939482688904
Deep_DLR,73,1,0,0.9991636087652296,0.24200360476970673,0.2640670835971832
Deep_DLR,74,1,0,0.975345641374588,0.27325233817100525,0.27394402027130127
Deep_DLR,75,0,1,0.9999998211860657,0.23135696351528168,0.2388651967048645
Deep_DLR,79,0,1,0.9999864101409912,0.2498425394296646,0.26507076621055603
Deep_DLR,81,1,0,0.9999998211859236,0.2049885392189026,0.28332051634788513
Deep_DLR,93,1,0,0.9997346102900337,0.2701602578163147,0.26166513562202454
Deep_DLR,94,1,0,1.0,0.28883761167526245,0.2890792489051819
Deep_DLR,100,1,0,0.9784410856664181,0.2461138367652893,0.2622661590576172
Deep_DLR,107,1,0,0.5011682510375977,0.29033923149108887,0.29101553559303284
Deep_DLR,111,1,0,1.0,0.2376633733510971,0.28053489327430725
Deep_DLR,119,0,1,1.0,0.2753148078918457,0.23559193313121796
Deep_DLR,125,1,0,0.9999918341636658,0.2536905109882355,0.27697160840034485
Deep_DLR,146,1,0,1.0,0.23472844064235687,0.28221121430397034
Deep_DLR,152,1,0,0.5000059306621552,0.24482356011867523,0.3019086420536041
Deep_DLR,153,1,0,0.5019199252128601,0.25844597816467285,0.2898465692996979
Deep_DLR,154,0,1,0.5,0.2681184709072113,0.250935435295105
Deep_DLR,158,1,0,0.9999999999999087,0.2706856429576874,0.28150174021720886
Deep_DLR,159,1,0,1.0,0.2733617126941681,0.2584548592567444
Deep_DLR,176,1,0,0.8805692195892334,0.266707181930542,0.28930553793907166
Deep_DLR,181,0,1,1.0,0.2569913864135742,0.22820937633514404
Deep_DLR,192,1,0,1.0,0.28439566493034363,0.2708696126937866
Deep_DLR,224,0,1,0.9723012447357178,0.29171034693717957,0.24070847034454346
Deep_DLR,226,0,1,0.5823280811309814,0.2764655649662018,0.26216110587120056
Deep_DLR,230,1,0,0.9938440024852753,0.24811451137065887,0.28867051005363464
Deep_DLR,246,1,0,0.5001113414764404,0.2784958779811859,0.28252285718917847
Deep_DLR,249,0,1,1.0,0.27996826171875,0.22920195758342743
Deep_DLR,250,1,0,0.9999999403953552,0.27831023931503296,0.2821042835712433
Deep_DLR,256,1,0,0.500127911567688,0.23069928586483002,0.2547178268432617
Deep_DLR,259,1,0,0.5006209015846252,0.24204598367214203,0.28354960680007935
Deep_DLR,264,1,0,1.0,0.3000515103340149,0.28637614846229553
Deep_DLR,268,1,0,0.5001360177993774,0.28883886337280273,0.27345651388168335
Deep_DLR,273,1,0,0.9990008771419525,0.2392573058605194,0.2846742272377014
Deep_DLR,277,1,0,1.0,0.2664431035518646,0.2596539258956909
Deep_DLR,286,1,0,1.0,0.2522072196006775,0.25331202149391174
Deep_DLR,308,1,0,0.5153779685497284,0.29078659415245056,0.2744022309780121
Deep_DLR,310,0,1,0.9999948740005493,0.3034990429878235,0.2921798527240753
Deep_DLR,312,0,1,0.9999997615814209,0.2777211368083954,0.23908424377441406
Deep_DLR,331,1,0,0.9984078109264374,0.27246183156967163,0.28145793080329895
Deep_DLR,333,1,0,0.9975203573703766,0.2694677710533142,0.2451891303062439
Deep_DLR,340,1,0,0.500015527009964,0.25384461879730225,0.29471394419670105
Deep_DLR,341,1,0,0.5085991322994232,0.27144142985343933,0.2810545265674591
Deep_DLR,343,0,1,1.0,0.2851616442203522,0.26381075382232666
Deep_DLR,350,1,0,0.9999868869763304,0.27243471145629883,0.26224732398986816
Deep_DLR,370,0,1,0.9999894499778748,0.2851630747318268,0.26021915674209595
Deep_DLR,384,1,0,1.0,0.25072944164276123,0.3019060790538788
Deep_DLR,393,1,0,0.9992381366319023,0.2993611991405487,0.24935972690582275
Deep_DLR,394,1,0,0.8673847019672394,0.24919432401657104,0.28433048725128174
Deep_DLR,415,1,0,1.0,0.24988070130348206,0.2903519570827484
Deep_DLR,416,1,0,1.0,0.23600074648857117,0.2644970118999481
Deep_DLR,429,1,0,0.6795255541801453,0.2628173828125,0.26426762342453003
Deep_DLR,435,0,1,1.0,0.28405752778053284,0.24534517526626587
Deep_DLR,438,1,0,0.5894719064235687,0.2760424315929413,0.27414771914482117
Deep_DLR,446,0,1,0.6354489326477051,0.26283562183380127,0.27876800298690796
Deep_DLR,465,1,0,0.9566071406006813,0.27028852701187134,0.2621878981590271
Deep_DLR,480,0,1,1.0,0.24100221693515778,0.27208268642425537
Deep_DLR,486,1,0,0.9999848007637411,0.2553391754627228,0.27223750948905945
Deep_DLR,488,1,0,0.5670124292373657,0.24152489006519318,0.27683037519454956
Deep_DLR,491,0,1,1.0,0.29185935854911804,0.23904430866241455
